[
{
    "model": "sessions.session",
    "pk": "059kr51aj9iu034yqhd2ddhs0s3xvi6g",
    "fields": {
        "session_data": "M2E1YjhjMDI4ZTNkMjQyNzE0NGExMGI1MDFjMGNkNDgxNmNmYTRjZTp7Il9hdXRoX3VzZXJfaGFzaCI6IjQ3NmRhYjdlMmFhMjlmZDJjNTljY2U4YThlNTYyMzVkNTNkOGQ4NTAiLCJfYXV0aF91c2VyX2JhY2tlbmQiOiJhY2NvdW50cy5iYWNrZW5kcy5FbWFpbEF1dGgiLCJfYXV0aF91c2VyX2lkIjoiMSJ9",
        "expire_date": "2017-07-21T09:56:53.519Z"
    }
},
{
    "model": "sessions.session",
    "pk": "0a94d30nib4h2r8d49v3iwnlkrc1gq6h",
    "fields": {
        "session_data": "M2E1YjhjMDI4ZTNkMjQyNzE0NGExMGI1MDFjMGNkNDgxNmNmYTRjZTp7Il9hdXRoX3VzZXJfaGFzaCI6IjQ3NmRhYjdlMmFhMjlmZDJjNTljY2U4YThlNTYyMzVkNTNkOGQ4NTAiLCJfYXV0aF91c2VyX2JhY2tlbmQiOiJhY2NvdW50cy5iYWNrZW5kcy5FbWFpbEF1dGgiLCJfYXV0aF91c2VyX2lkIjoiMSJ9",
        "expire_date": "2017-07-18T10:48:09.127Z"
    }
},
{
    "model": "sessions.session",
    "pk": "0erkhsb2uoxuxsylum6tx5vlvy1gre8q",
    "fields": {
        "session_data": "MWIxODNiOGNiMDkwYjkxZTBlYmRiMzZkMzZjNzM3NTA3Y2ZkZjk3YTp7Il9hdXRoX3VzZXJfaGFzaCI6IjUyMGNkZWI3NjZiZmY2OTEwYjVkMzMzZDFiNTRlZDkyMWQzZGVlNWUiLCJfYXV0aF91c2VyX2JhY2tlbmQiOiJhY2NvdW50cy5iYWNrZW5kcy5FbWFpbEF1dGgiLCJfYXV0aF91c2VyX2lkIjoiMyJ9",
        "expire_date": "2017-07-17T14:11:13.276Z"
    }
},
{
    "model": "sessions.session",
    "pk": "14nwgo9qx6o2ztk7jcj3e0aham2uvwo0",
    "fields": {
        "session_data": "YTU1MDk3MGRkNTQ4NTY1MDgwYzA0NGYzMGY2NDJkOGRmMjI5YmFiZjp7Il9hdXRoX3VzZXJfaGFzaCI6IjFiY2Y0ZTk1ZmRlOGU1YzJmMTA4MjgxYWQ2MTI2MDE4NzUxN2MzMmIiLCJfYXV0aF91c2VyX2JhY2tlbmQiOiJhY2NvdW50cy5iYWNrZW5kcy5FbWFpbEF1dGgiLCJfYXV0aF91c2VyX2lkIjoiMiJ9",
        "expire_date": "2017-07-31T11:38:02.958Z"
    }
},
{
    "model": "sessions.session",
    "pk": "1jl1969hm04xdd5gtt2she16bek2ldsc",
    "fields": {
        "session_data": "YTU1MDk3MGRkNTQ4NTY1MDgwYzA0NGYzMGY2NDJkOGRmMjI5YmFiZjp7Il9hdXRoX3VzZXJfaGFzaCI6IjFiY2Y0ZTk1ZmRlOGU1YzJmMTA4MjgxYWQ2MTI2MDE4NzUxN2MzMmIiLCJfYXV0aF91c2VyX2JhY2tlbmQiOiJhY2NvdW50cy5iYWNrZW5kcy5FbWFpbEF1dGgiLCJfYXV0aF91c2VyX2lkIjoiMiJ9",
        "expire_date": "2017-07-31T12:42:05.124Z"
    }
},
{
    "model": "sessions.session",
    "pk": "3ro5eicyzkvvv7kqt2mzxpdjfpo8g892",
    "fields": {
        "session_data": "M2E1YjhjMDI4ZTNkMjQyNzE0NGExMGI1MDFjMGNkNDgxNmNmYTRjZTp7Il9hdXRoX3VzZXJfaGFzaCI6IjQ3NmRhYjdlMmFhMjlmZDJjNTljY2U4YThlNTYyMzVkNTNkOGQ4NTAiLCJfYXV0aF91c2VyX2JhY2tlbmQiOiJhY2NvdW50cy5iYWNrZW5kcy5FbWFpbEF1dGgiLCJfYXV0aF91c2VyX2lkIjoiMSJ9",
        "expire_date": "2017-07-28T15:14:58.277Z"
    }
},
{
    "model": "sessions.session",
    "pk": "430la6p64igqlee8glinv94fgzu779a3",
    "fields": {
        "session_data": "M2E1YjhjMDI4ZTNkMjQyNzE0NGExMGI1MDFjMGNkNDgxNmNmYTRjZTp7Il9hdXRoX3VzZXJfaGFzaCI6IjQ3NmRhYjdlMmFhMjlmZDJjNTljY2U4YThlNTYyMzVkNTNkOGQ4NTAiLCJfYXV0aF91c2VyX2JhY2tlbmQiOiJhY2NvdW50cy5iYWNrZW5kcy5FbWFpbEF1dGgiLCJfYXV0aF91c2VyX2lkIjoiMSJ9",
        "expire_date": "2017-07-17T15:38:40.562Z"
    }
},
{
    "model": "sessions.session",
    "pk": "4guxiy3g8k7v1wmoo2rocovao73v0emg",
    "fields": {
        "session_data": "M2E1YjhjMDI4ZTNkMjQyNzE0NGExMGI1MDFjMGNkNDgxNmNmYTRjZTp7Il9hdXRoX3VzZXJfaGFzaCI6IjQ3NmRhYjdlMmFhMjlmZDJjNTljY2U4YThlNTYyMzVkNTNkOGQ4NTAiLCJfYXV0aF91c2VyX2JhY2tlbmQiOiJhY2NvdW50cy5iYWNrZW5kcy5FbWFpbEF1dGgiLCJfYXV0aF91c2VyX2lkIjoiMSJ9",
        "expire_date": "2017-07-18T14:08:01.265Z"
    }
},
{
    "model": "sessions.session",
    "pk": "53pwix5hdv2k4xtzyf0j067m6yqqi0c9",
    "fields": {
        "session_data": "M2E1YjhjMDI4ZTNkMjQyNzE0NGExMGI1MDFjMGNkNDgxNmNmYTRjZTp7Il9hdXRoX3VzZXJfaGFzaCI6IjQ3NmRhYjdlMmFhMjlmZDJjNTljY2U4YThlNTYyMzVkNTNkOGQ4NTAiLCJfYXV0aF91c2VyX2JhY2tlbmQiOiJhY2NvdW50cy5iYWNrZW5kcy5FbWFpbEF1dGgiLCJfYXV0aF91c2VyX2lkIjoiMSJ9",
        "expire_date": "2017-07-31T11:31:07.695Z"
    }
},
{
    "model": "sessions.session",
    "pk": "5dq3co9kiedn8chgfme8x82nlrn1f0go",
    "fields": {
        "session_data": "YTU1MDk3MGRkNTQ4NTY1MDgwYzA0NGYzMGY2NDJkOGRmMjI5YmFiZjp7Il9hdXRoX3VzZXJfaGFzaCI6IjFiY2Y0ZTk1ZmRlOGU1YzJmMTA4MjgxYWQ2MTI2MDE4NzUxN2MzMmIiLCJfYXV0aF91c2VyX2JhY2tlbmQiOiJhY2NvdW50cy5iYWNrZW5kcy5FbWFpbEF1dGgiLCJfYXV0aF91c2VyX2lkIjoiMiJ9",
        "expire_date": "2017-07-28T10:04:21.315Z"
    }
},
{
    "model": "sessions.session",
    "pk": "6jlht1cmx0tg9fsu65photfgzraaotj2",
    "fields": {
        "session_data": "YTU1MDk3MGRkNTQ4NTY1MDgwYzA0NGYzMGY2NDJkOGRmMjI5YmFiZjp7Il9hdXRoX3VzZXJfaGFzaCI6IjFiY2Y0ZTk1ZmRlOGU1YzJmMTA4MjgxYWQ2MTI2MDE4NzUxN2MzMmIiLCJfYXV0aF91c2VyX2JhY2tlbmQiOiJhY2NvdW50cy5iYWNrZW5kcy5FbWFpbEF1dGgiLCJfYXV0aF91c2VyX2lkIjoiMiJ9",
        "expire_date": "2017-07-28T16:38:29.308Z"
    }
},
{
    "model": "sessions.session",
    "pk": "6p2puy5lk1lg1mw990wgdj5hu4yptp42",
    "fields": {
        "session_data": "YTU1MDk3MGRkNTQ4NTY1MDgwYzA0NGYzMGY2NDJkOGRmMjI5YmFiZjp7Il9hdXRoX3VzZXJfaGFzaCI6IjFiY2Y0ZTk1ZmRlOGU1YzJmMTA4MjgxYWQ2MTI2MDE4NzUxN2MzMmIiLCJfYXV0aF91c2VyX2JhY2tlbmQiOiJhY2NvdW50cy5iYWNrZW5kcy5FbWFpbEF1dGgiLCJfYXV0aF91c2VyX2lkIjoiMiJ9",
        "expire_date": "2017-07-28T09:22:46.858Z"
    }
},
{
    "model": "sessions.session",
    "pk": "73lh5vqieoh9itsglmmg5ihrolyvtbcz",
    "fields": {
        "session_data": "OTdkNzA2NDQyM2ExODZhYzJiNTdhMzIwODNhMDM3ZjAwYWZkODY4OTp7Il9hdXRoX3VzZXJfaGFzaCI6IjQ3NmRhYjdlMmFhMjlmZDJjNTljY2U4YThlNTYyMzVkNTNkOGQ4NTAiLCJfYXV0aF91c2VyX2JhY2tlbmQiOiJkamFuZ28uY29udHJpYi5hdXRoLmJhY2tlbmRzLk1vZGVsQmFja2VuZCIsIl9hdXRoX3VzZXJfaWQiOiIxIn0=",
        "expire_date": "2017-08-01T14:52:18.311Z"
    }
},
{
    "model": "sessions.session",
    "pk": "7mn4aisown6pi8s9aybu8xeuo20hdume",
    "fields": {
        "session_data": "ZmI1OTU1ZTMxODFiMTY2NzM4OGRlNzdkZjBjYTMyNWI2MTIyOGQ0NTp7Il9hdXRoX3VzZXJfaGFzaCI6ImNiYjMxZjMwMTk5ZmFjMmU2NTcwMzFkNzZmMWM0YzA2MGUyYjNmMGMiLCJfYXV0aF91c2VyX2JhY2tlbmQiOiJhY2NvdW50cy5iYWNrZW5kcy5FbWFpbEF1dGgiLCJfYXV0aF91c2VyX2lkIjoiNSJ9",
        "expire_date": "2017-08-03T15:40:50.456Z"
    }
},
{
    "model": "sessions.session",
    "pk": "7u1balsvtkvsji5bnpn7q035o15je44z",
    "fields": {
        "session_data": "YTU1MDk3MGRkNTQ4NTY1MDgwYzA0NGYzMGY2NDJkOGRmMjI5YmFiZjp7Il9hdXRoX3VzZXJfaGFzaCI6IjFiY2Y0ZTk1ZmRlOGU1YzJmMTA4MjgxYWQ2MTI2MDE4NzUxN2MzMmIiLCJfYXV0aF91c2VyX2JhY2tlbmQiOiJhY2NvdW50cy5iYWNrZW5kcy5FbWFpbEF1dGgiLCJfYXV0aF91c2VyX2lkIjoiMiJ9",
        "expire_date": "2017-10-19T09:19:56.041Z"
    }
},
{
    "model": "sessions.session",
    "pk": "8oxyva2bymo30hv3r52idsl8m1di3fwz",
    "fields": {
        "session_data": "ZGE0NWQ4Y2RlMjIwODU5ZDA0ODRlMjhmZTAyZmU0OGRhNjNlMjdkMzp7Il9hdXRoX3VzZXJfaGFzaCI6Ijc0YjA5M2RmNmZlNGY5YzY3NWY0M2RkOTY3Nzk0MjBiYmZjZDQwOGYiLCJfYXV0aF91c2VyX2JhY2tlbmQiOiJhY2NvdW50cy5iYWNrZW5kcy5FbWFpbEF1dGgiLCJfYXV0aF91c2VyX2lkIjoiMTAifQ==",
        "expire_date": "2017-08-04T10:18:27.007Z"
    }
},
{
    "model": "sessions.session",
    "pk": "8vvvgkokmjr7zeb38r9dgwwfwg7jvhta",
    "fields": {
        "session_data": "M2E1YjhjMDI4ZTNkMjQyNzE0NGExMGI1MDFjMGNkNDgxNmNmYTRjZTp7Il9hdXRoX3VzZXJfaGFzaCI6IjQ3NmRhYjdlMmFhMjlmZDJjNTljY2U4YThlNTYyMzVkNTNkOGQ4NTAiLCJfYXV0aF91c2VyX2JhY2tlbmQiOiJhY2NvdW50cy5iYWNrZW5kcy5FbWFpbEF1dGgiLCJfYXV0aF91c2VyX2lkIjoiMSJ9",
        "expire_date": "2017-07-18T13:52:48.126Z"
    }
},
{
    "model": "sessions.session",
    "pk": "93fgfxv3vxrewq41voyo3bvhpj5mzlvh",
    "fields": {
        "session_data": "YTU1MDk3MGRkNTQ4NTY1MDgwYzA0NGYzMGY2NDJkOGRmMjI5YmFiZjp7Il9hdXRoX3VzZXJfaGFzaCI6IjFiY2Y0ZTk1ZmRlOGU1YzJmMTA4MjgxYWQ2MTI2MDE4NzUxN2MzMmIiLCJfYXV0aF91c2VyX2JhY2tlbmQiOiJhY2NvdW50cy5iYWNrZW5kcy5FbWFpbEF1dGgiLCJfYXV0aF91c2VyX2lkIjoiMiJ9",
        "expire_date": "2017-08-03T15:01:35.750Z"
    }
},
{
    "model": "sessions.session",
    "pk": "96t0rvro2ebk44a08fdvyvesam47b9vl",
    "fields": {
        "session_data": "YTU1MDk3MGRkNTQ4NTY1MDgwYzA0NGYzMGY2NDJkOGRmMjI5YmFiZjp7Il9hdXRoX3VzZXJfaGFzaCI6IjFiY2Y0ZTk1ZmRlOGU1YzJmMTA4MjgxYWQ2MTI2MDE4NzUxN2MzMmIiLCJfYXV0aF91c2VyX2JhY2tlbmQiOiJhY2NvdW50cy5iYWNrZW5kcy5FbWFpbEF1dGgiLCJfYXV0aF91c2VyX2lkIjoiMiJ9",
        "expire_date": "2017-07-21T12:53:22.774Z"
    }
},
{
    "model": "sessions.session",
    "pk": "9svcerc8ri39panuu12hvzhud9fyvw14",
    "fields": {
        "session_data": "OTdkNzA2NDQyM2ExODZhYzJiNTdhMzIwODNhMDM3ZjAwYWZkODY4OTp7Il9hdXRoX3VzZXJfaGFzaCI6IjQ3NmRhYjdlMmFhMjlmZDJjNTljY2U4YThlNTYyMzVkNTNkOGQ4NTAiLCJfYXV0aF91c2VyX2JhY2tlbmQiOiJkamFuZ28uY29udHJpYi5hdXRoLmJhY2tlbmRzLk1vZGVsQmFja2VuZCIsIl9hdXRoX3VzZXJfaWQiOiIxIn0=",
        "expire_date": "2017-07-19T13:54:31.624Z"
    }
},
{
    "model": "sessions.session",
    "pk": "9x755hj95m469yltgnp7b8u0yvdd2zwu",
    "fields": {
        "session_data": "M2E1YjhjMDI4ZTNkMjQyNzE0NGExMGI1MDFjMGNkNDgxNmNmYTRjZTp7Il9hdXRoX3VzZXJfaGFzaCI6IjQ3NmRhYjdlMmFhMjlmZDJjNTljY2U4YThlNTYyMzVkNTNkOGQ4NTAiLCJfYXV0aF91c2VyX2JhY2tlbmQiOiJhY2NvdW50cy5iYWNrZW5kcy5FbWFpbEF1dGgiLCJfYXV0aF91c2VyX2lkIjoiMSJ9",
        "expire_date": "2017-07-19T14:40:59.828Z"
    }
},
{
    "model": "sessions.session",
    "pk": "a6vl8xws2zfjdexi9dknja1nadjnt68y",
    "fields": {
        "session_data": "ZmI1OTU1ZTMxODFiMTY2NzM4OGRlNzdkZjBjYTMyNWI2MTIyOGQ0NTp7Il9hdXRoX3VzZXJfaGFzaCI6ImNiYjMxZjMwMTk5ZmFjMmU2NTcwMzFkNzZmMWM0YzA2MGUyYjNmMGMiLCJfYXV0aF91c2VyX2JhY2tlbmQiOiJhY2NvdW50cy5iYWNrZW5kcy5FbWFpbEF1dGgiLCJfYXV0aF91c2VyX2lkIjoiNSJ9",
        "expire_date": "2017-08-03T11:16:41.092Z"
    }
},
{
    "model": "sessions.session",
    "pk": "afzrpktae2oljgc0welllhwx5rfjfrd7",
    "fields": {
        "session_data": "MWIxODNiOGNiMDkwYjkxZTBlYmRiMzZkMzZjNzM3NTA3Y2ZkZjk3YTp7Il9hdXRoX3VzZXJfaGFzaCI6IjUyMGNkZWI3NjZiZmY2OTEwYjVkMzMzZDFiNTRlZDkyMWQzZGVlNWUiLCJfYXV0aF91c2VyX2JhY2tlbmQiOiJhY2NvdW50cy5iYWNrZW5kcy5FbWFpbEF1dGgiLCJfYXV0aF91c2VyX2lkIjoiMyJ9",
        "expire_date": "2017-07-17T15:56:59.472Z"
    }
},
{
    "model": "sessions.session",
    "pk": "aq8fyz9bd251ju1m6iiggq6veh6f6c8t",
    "fields": {
        "session_data": "YTU1MDk3MGRkNTQ4NTY1MDgwYzA0NGYzMGY2NDJkOGRmMjI5YmFiZjp7Il9hdXRoX3VzZXJfaGFzaCI6IjFiY2Y0ZTk1ZmRlOGU1YzJmMTA4MjgxYWQ2MTI2MDE4NzUxN2MzMmIiLCJfYXV0aF91c2VyX2JhY2tlbmQiOiJhY2NvdW50cy5iYWNrZW5kcy5FbWFpbEF1dGgiLCJfYXV0aF91c2VyX2lkIjoiMiJ9",
        "expire_date": "2017-10-19T09:04:32.340Z"
    }
},
{
    "model": "sessions.session",
    "pk": "azqnmdjuetpd269yxfrg8txrdloaer9w",
    "fields": {
        "session_data": "ZmI1OTU1ZTMxODFiMTY2NzM4OGRlNzdkZjBjYTMyNWI2MTIyOGQ0NTp7Il9hdXRoX3VzZXJfaGFzaCI6ImNiYjMxZjMwMTk5ZmFjMmU2NTcwMzFkNzZmMWM0YzA2MGUyYjNmMGMiLCJfYXV0aF91c2VyX2JhY2tlbmQiOiJhY2NvdW50cy5iYWNrZW5kcy5FbWFpbEF1dGgiLCJfYXV0aF91c2VyX2lkIjoiNSJ9",
        "expire_date": "2017-08-04T09:47:26.310Z"
    }
},
{
    "model": "sessions.session",
    "pk": "bfzpay6pop4c6cmx22umbpqeer4kkecr",
    "fields": {
        "session_data": "ZmI1OTU1ZTMxODFiMTY2NzM4OGRlNzdkZjBjYTMyNWI2MTIyOGQ0NTp7Il9hdXRoX3VzZXJfaGFzaCI6ImNiYjMxZjMwMTk5ZmFjMmU2NTcwMzFkNzZmMWM0YzA2MGUyYjNmMGMiLCJfYXV0aF91c2VyX2JhY2tlbmQiOiJhY2NvdW50cy5iYWNrZW5kcy5FbWFpbEF1dGgiLCJfYXV0aF91c2VyX2lkIjoiNSJ9",
        "expire_date": "2017-08-04T09:13:02.812Z"
    }
},
{
    "model": "sessions.session",
    "pk": "bpjl5i46442txktqwdzkc6je1b4p1g06",
    "fields": {
        "session_data": "M2E1YjhjMDI4ZTNkMjQyNzE0NGExMGI1MDFjMGNkNDgxNmNmYTRjZTp7Il9hdXRoX3VzZXJfaGFzaCI6IjQ3NmRhYjdlMmFhMjlmZDJjNTljY2U4YThlNTYyMzVkNTNkOGQ4NTAiLCJfYXV0aF91c2VyX2JhY2tlbmQiOiJhY2NvdW50cy5iYWNrZW5kcy5FbWFpbEF1dGgiLCJfYXV0aF91c2VyX2lkIjoiMSJ9",
        "expire_date": "2017-07-31T14:13:11.728Z"
    }
},
{
    "model": "sessions.session",
    "pk": "bsiu4y3v80isbfhflkpa233kwlpfivtj",
    "fields": {
        "session_data": "YTU1MDk3MGRkNTQ4NTY1MDgwYzA0NGYzMGY2NDJkOGRmMjI5YmFiZjp7Il9hdXRoX3VzZXJfaGFzaCI6IjFiY2Y0ZTk1ZmRlOGU1YzJmMTA4MjgxYWQ2MTI2MDE4NzUxN2MzMmIiLCJfYXV0aF91c2VyX2JhY2tlbmQiOiJhY2NvdW50cy5iYWNrZW5kcy5FbWFpbEF1dGgiLCJfYXV0aF91c2VyX2lkIjoiMiJ9",
        "expire_date": "2017-07-28T09:20:17.245Z"
    }
},
{
    "model": "sessions.session",
    "pk": "chwhf313t320sm6q8fciu2c0vt71ymel",
    "fields": {
        "session_data": "MWIxODNiOGNiMDkwYjkxZTBlYmRiMzZkMzZjNzM3NTA3Y2ZkZjk3YTp7Il9hdXRoX3VzZXJfaGFzaCI6IjUyMGNkZWI3NjZiZmY2OTEwYjVkMzMzZDFiNTRlZDkyMWQzZGVlNWUiLCJfYXV0aF91c2VyX2JhY2tlbmQiOiJhY2NvdW50cy5iYWNrZW5kcy5FbWFpbEF1dGgiLCJfYXV0aF91c2VyX2lkIjoiMyJ9",
        "expire_date": "2017-07-13T12:36:40.224Z"
    }
},
{
    "model": "sessions.session",
    "pk": "cz6vqdda81ygvm7w85rk8vm4msng571u",
    "fields": {
        "session_data": "MWIxODNiOGNiMDkwYjkxZTBlYmRiMzZkMzZjNzM3NTA3Y2ZkZjk3YTp7Il9hdXRoX3VzZXJfaGFzaCI6IjUyMGNkZWI3NjZiZmY2OTEwYjVkMzMzZDFiNTRlZDkyMWQzZGVlNWUiLCJfYXV0aF91c2VyX2JhY2tlbmQiOiJhY2NvdW50cy5iYWNrZW5kcy5FbWFpbEF1dGgiLCJfYXV0aF91c2VyX2lkIjoiMyJ9",
        "expire_date": "2017-07-19T11:40:16.564Z"
    }
},
{
    "model": "sessions.session",
    "pk": "eel9uzvhzac8ih4ok9cpvnnddnbwtckl",
    "fields": {
        "session_data": "OWI4MmRlZDUwNTFiNWExZjRhNDc5YWEwYmVhYjIzMWUyOTYxZTc4ZDp7Il9hdXRoX3VzZXJfaGFzaCI6ImM5MWYyYTMxM2U4Nzc1Njc4ZDMwYjM5YWRiYzcwNTAyMjdkNmYyODMiLCJfYXV0aF91c2VyX2JhY2tlbmQiOiJhY2NvdW50cy5iYWNrZW5kcy5FbWFpbEF1dGgiLCJfYXV0aF91c2VyX2lkIjoiNyJ9",
        "expire_date": "2017-08-03T14:50:39.321Z"
    }
},
{
    "model": "sessions.session",
    "pk": "elh6rg54zuv66b0amxyydn32tsp38w3c",
    "fields": {
        "session_data": "OWI4MmRlZDUwNTFiNWExZjRhNDc5YWEwYmVhYjIzMWUyOTYxZTc4ZDp7Il9hdXRoX3VzZXJfaGFzaCI6ImM5MWYyYTMxM2U4Nzc1Njc4ZDMwYjM5YWRiYzcwNTAyMjdkNmYyODMiLCJfYXV0aF91c2VyX2JhY2tlbmQiOiJhY2NvdW50cy5iYWNrZW5kcy5FbWFpbEF1dGgiLCJfYXV0aF91c2VyX2lkIjoiNyJ9",
        "expire_date": "2017-09-04T10:24:38.021Z"
    }
},
{
    "model": "sessions.session",
    "pk": "elv56ll76zoey82nk8pb6n3dtg2eihq4",
    "fields": {
        "session_data": "YTU1MDk3MGRkNTQ4NTY1MDgwYzA0NGYzMGY2NDJkOGRmMjI5YmFiZjp7Il9hdXRoX3VzZXJfaGFzaCI6IjFiY2Y0ZTk1ZmRlOGU1YzJmMTA4MjgxYWQ2MTI2MDE4NzUxN2MzMmIiLCJfYXV0aF91c2VyX2JhY2tlbmQiOiJhY2NvdW50cy5iYWNrZW5kcy5FbWFpbEF1dGgiLCJfYXV0aF91c2VyX2lkIjoiMiJ9",
        "expire_date": "2017-07-31T12:43:11.414Z"
    }
},
{
    "model": "sessions.session",
    "pk": "eywk6uhim0rgg288grs79b8ynt958r6b",
    "fields": {
        "session_data": "MWIxODNiOGNiMDkwYjkxZTBlYmRiMzZkMzZjNzM3NTA3Y2ZkZjk3YTp7Il9hdXRoX3VzZXJfaGFzaCI6IjUyMGNkZWI3NjZiZmY2OTEwYjVkMzMzZDFiNTRlZDkyMWQzZGVlNWUiLCJfYXV0aF91c2VyX2JhY2tlbmQiOiJhY2NvdW50cy5iYWNrZW5kcy5FbWFpbEF1dGgiLCJfYXV0aF91c2VyX2lkIjoiMyJ9",
        "expire_date": "2017-07-19T11:18:53.435Z"
    }
},
{
    "model": "sessions.session",
    "pk": "f13aj856z846qm13y23asutd7ty4undd",
    "fields": {
        "session_data": "YTU1MDk3MGRkNTQ4NTY1MDgwYzA0NGYzMGY2NDJkOGRmMjI5YmFiZjp7Il9hdXRoX3VzZXJfaGFzaCI6IjFiY2Y0ZTk1ZmRlOGU1YzJmMTA4MjgxYWQ2MTI2MDE4NzUxN2MzMmIiLCJfYXV0aF91c2VyX2JhY2tlbmQiOiJhY2NvdW50cy5iYWNrZW5kcy5FbWFpbEF1dGgiLCJfYXV0aF91c2VyX2lkIjoiMiJ9",
        "expire_date": "2017-07-31T13:27:06.538Z"
    }
},
{
    "model": "sessions.session",
    "pk": "fdwejel4214aezowuy7yez4eiysqdmuk",
    "fields": {
        "session_data": "M2E1YjhjMDI4ZTNkMjQyNzE0NGExMGI1MDFjMGNkNDgxNmNmYTRjZTp7Il9hdXRoX3VzZXJfaGFzaCI6IjQ3NmRhYjdlMmFhMjlmZDJjNTljY2U4YThlNTYyMzVkNTNkOGQ4NTAiLCJfYXV0aF91c2VyX2JhY2tlbmQiOiJhY2NvdW50cy5iYWNrZW5kcy5FbWFpbEF1dGgiLCJfYXV0aF91c2VyX2lkIjoiMSJ9",
        "expire_date": "2017-07-18T12:26:55.285Z"
    }
},
{
    "model": "sessions.session",
    "pk": "fnv3p8ypaok2e6i6ywia5og42pluwvnr",
    "fields": {
        "session_data": "YTU1MDk3MGRkNTQ4NTY1MDgwYzA0NGYzMGY2NDJkOGRmMjI5YmFiZjp7Il9hdXRoX3VzZXJfaGFzaCI6IjFiY2Y0ZTk1ZmRlOGU1YzJmMTA4MjgxYWQ2MTI2MDE4NzUxN2MzMmIiLCJfYXV0aF91c2VyX2JhY2tlbmQiOiJhY2NvdW50cy5iYWNrZW5kcy5FbWFpbEF1dGgiLCJfYXV0aF91c2VyX2lkIjoiMiJ9",
        "expire_date": "2017-07-31T11:37:14.162Z"
    }
},
{
    "model": "sessions.session",
    "pk": "fx4pqm1xkxeduntc2gveg72r7qr0g2vt",
    "fields": {
        "session_data": "ZmI1OTU1ZTMxODFiMTY2NzM4OGRlNzdkZjBjYTMyNWI2MTIyOGQ0NTp7Il9hdXRoX3VzZXJfaGFzaCI6ImNiYjMxZjMwMTk5ZmFjMmU2NTcwMzFkNzZmMWM0YzA2MGUyYjNmMGMiLCJfYXV0aF91c2VyX2JhY2tlbmQiOiJhY2NvdW50cy5iYWNrZW5kcy5FbWFpbEF1dGgiLCJfYXV0aF91c2VyX2lkIjoiNSJ9",
        "expire_date": "2017-08-03T11:20:42.444Z"
    }
},
{
    "model": "sessions.session",
    "pk": "gcvjbbzllbltg6fhjfmgo8mmt6hcikww",
    "fields": {
        "session_data": "YTU1MDk3MGRkNTQ4NTY1MDgwYzA0NGYzMGY2NDJkOGRmMjI5YmFiZjp7Il9hdXRoX3VzZXJfaGFzaCI6IjFiY2Y0ZTk1ZmRlOGU1YzJmMTA4MjgxYWQ2MTI2MDE4NzUxN2MzMmIiLCJfYXV0aF91c2VyX2JhY2tlbmQiOiJhY2NvdW50cy5iYWNrZW5kcy5FbWFpbEF1dGgiLCJfYXV0aF91c2VyX2lkIjoiMiJ9",
        "expire_date": "2017-07-31T13:39:56.172Z"
    }
},
{
    "model": "sessions.session",
    "pk": "heur2iv5k5sdxzglmxw3frxbefezj01z",
    "fields": {
        "session_data": "YzZmMzE3ZmM3YWYzNDUzMmE2ZmM1NGY2YmEyZWIxNjVlNjljYWNiMjp7Il9hdXRoX3VzZXJfaGFzaCI6ImQxZTY5YThmNTIyNmQ2OGRlMzM2NzJjMjk5NGQ0ODQ4NmJiY2U2ZmQiLCJfYXV0aF91c2VyX2JhY2tlbmQiOiJhY2NvdW50cy5iYWNrZW5kcy5FbWFpbEF1dGgiLCJfYXV0aF91c2VyX2lkIjoiMiJ9",
        "expire_date": "2017-10-25T11:15:40.623Z"
    }
},
{
    "model": "sessions.session",
    "pk": "hkry2bq64thru3042o9h7fuaeihyq0mc",
    "fields": {
        "session_data": "YTU1MDk3MGRkNTQ4NTY1MDgwYzA0NGYzMGY2NDJkOGRmMjI5YmFiZjp7Il9hdXRoX3VzZXJfaGFzaCI6IjFiY2Y0ZTk1ZmRlOGU1YzJmMTA4MjgxYWQ2MTI2MDE4NzUxN2MzMmIiLCJfYXV0aF91c2VyX2JhY2tlbmQiOiJhY2NvdW50cy5iYWNrZW5kcy5FbWFpbEF1dGgiLCJfYXV0aF91c2VyX2lkIjoiMiJ9",
        "expire_date": "2017-08-23T11:11:31.286Z"
    }
},
{
    "model": "sessions.session",
    "pk": "i15u6eov85co5kckeqnf3zahhjqkayk1",
    "fields": {
        "session_data": "YTU1MDk3MGRkNTQ4NTY1MDgwYzA0NGYzMGY2NDJkOGRmMjI5YmFiZjp7Il9hdXRoX3VzZXJfaGFzaCI6IjFiY2Y0ZTk1ZmRlOGU1YzJmMTA4MjgxYWQ2MTI2MDE4NzUxN2MzMmIiLCJfYXV0aF91c2VyX2JhY2tlbmQiOiJhY2NvdW50cy5iYWNrZW5kcy5FbWFpbEF1dGgiLCJfYXV0aF91c2VyX2lkIjoiMiJ9",
        "expire_date": "2017-07-31T14:05:13.832Z"
    }
},
{
    "model": "sessions.session",
    "pk": "i84rfvu2zuetjg42qrg716n52s5c56dn",
    "fields": {
        "session_data": "M2E1YjhjMDI4ZTNkMjQyNzE0NGExMGI1MDFjMGNkNDgxNmNmYTRjZTp7Il9hdXRoX3VzZXJfaGFzaCI6IjQ3NmRhYjdlMmFhMjlmZDJjNTljY2U4YThlNTYyMzVkNTNkOGQ4NTAiLCJfYXV0aF91c2VyX2JhY2tlbmQiOiJhY2NvdW50cy5iYWNrZW5kcy5FbWFpbEF1dGgiLCJfYXV0aF91c2VyX2lkIjoiMSJ9",
        "expire_date": "2017-07-31T17:35:04.824Z"
    }
},
{
    "model": "sessions.session",
    "pk": "j9fcg8d516654a1bwmrjgsydrlnujsnz",
    "fields": {
        "session_data": "ZmI1OTU1ZTMxODFiMTY2NzM4OGRlNzdkZjBjYTMyNWI2MTIyOGQ0NTp7Il9hdXRoX3VzZXJfaGFzaCI6ImNiYjMxZjMwMTk5ZmFjMmU2NTcwMzFkNzZmMWM0YzA2MGUyYjNmMGMiLCJfYXV0aF91c2VyX2JhY2tlbmQiOiJhY2NvdW50cy5iYWNrZW5kcy5FbWFpbEF1dGgiLCJfYXV0aF91c2VyX2lkIjoiNSJ9",
        "expire_date": "2017-08-03T11:18:53.171Z"
    }
},
{
    "model": "sessions.session",
    "pk": "jew9ycekskofzxd7f5vzp4t52k5wht93",
    "fields": {
        "session_data": "M2E1YjhjMDI4ZTNkMjQyNzE0NGExMGI1MDFjMGNkNDgxNmNmYTRjZTp7Il9hdXRoX3VzZXJfaGFzaCI6IjQ3NmRhYjdlMmFhMjlmZDJjNTljY2U4YThlNTYyMzVkNTNkOGQ4NTAiLCJfYXV0aF91c2VyX2JhY2tlbmQiOiJhY2NvdW50cy5iYWNrZW5kcy5FbWFpbEF1dGgiLCJfYXV0aF91c2VyX2lkIjoiMSJ9",
        "expire_date": "2017-07-18T13:34:54.462Z"
    }
},
{
    "model": "sessions.session",
    "pk": "jfswqrg9mibm5fk6zvv0f1yvuvuhof5t",
    "fields": {
        "session_data": "M2E1YjhjMDI4ZTNkMjQyNzE0NGExMGI1MDFjMGNkNDgxNmNmYTRjZTp7Il9hdXRoX3VzZXJfaGFzaCI6IjQ3NmRhYjdlMmFhMjlmZDJjNTljY2U4YThlNTYyMzVkNTNkOGQ4NTAiLCJfYXV0aF91c2VyX2JhY2tlbmQiOiJhY2NvdW50cy5iYWNrZW5kcy5FbWFpbEF1dGgiLCJfYXV0aF91c2VyX2lkIjoiMSJ9",
        "expire_date": "2017-07-28T15:45:15.513Z"
    }
},
{
    "model": "sessions.session",
    "pk": "jglmyql6sqgkc38tay6j89ehsp6wztzh",
    "fields": {
        "session_data": "MWIxODNiOGNiMDkwYjkxZTBlYmRiMzZkMzZjNzM3NTA3Y2ZkZjk3YTp7Il9hdXRoX3VzZXJfaGFzaCI6IjUyMGNkZWI3NjZiZmY2OTEwYjVkMzMzZDFiNTRlZDkyMWQzZGVlNWUiLCJfYXV0aF91c2VyX2JhY2tlbmQiOiJhY2NvdW50cy5iYWNrZW5kcy5FbWFpbEF1dGgiLCJfYXV0aF91c2VyX2lkIjoiMyJ9",
        "expire_date": "2017-07-17T14:01:44.280Z"
    }
},
{
    "model": "sessions.session",
    "pk": "l28cear59tjfwb5qcmjoz5nea2wxy29q",
    "fields": {
        "session_data": "YTU1MDk3MGRkNTQ4NTY1MDgwYzA0NGYzMGY2NDJkOGRmMjI5YmFiZjp7Il9hdXRoX3VzZXJfaGFzaCI6IjFiY2Y0ZTk1ZmRlOGU1YzJmMTA4MjgxYWQ2MTI2MDE4NzUxN2MzMmIiLCJfYXV0aF91c2VyX2JhY2tlbmQiOiJhY2NvdW50cy5iYWNrZW5kcy5FbWFpbEF1dGgiLCJfYXV0aF91c2VyX2lkIjoiMiJ9",
        "expire_date": "2017-07-28T09:32:43.680Z"
    }
},
{
    "model": "sessions.session",
    "pk": "ll8y1wfipfv96jdqwxi7t30xtscdb461",
    "fields": {
        "session_data": "OTdkNzA2NDQyM2ExODZhYzJiNTdhMzIwODNhMDM3ZjAwYWZkODY4OTp7Il9hdXRoX3VzZXJfaGFzaCI6IjQ3NmRhYjdlMmFhMjlmZDJjNTljY2U4YThlNTYyMzVkNTNkOGQ4NTAiLCJfYXV0aF91c2VyX2JhY2tlbmQiOiJkamFuZ28uY29udHJpYi5hdXRoLmJhY2tlbmRzLk1vZGVsQmFja2VuZCIsIl9hdXRoX3VzZXJfaWQiOiIxIn0=",
        "expire_date": "2017-07-17T14:46:41.085Z"
    }
},
{
    "model": "sessions.session",
    "pk": "mmbkac6e7ueijar6b3iu6c9vqd8a0bli",
    "fields": {
        "session_data": "M2E1YjhjMDI4ZTNkMjQyNzE0NGExMGI1MDFjMGNkNDgxNmNmYTRjZTp7Il9hdXRoX3VzZXJfaGFzaCI6IjQ3NmRhYjdlMmFhMjlmZDJjNTljY2U4YThlNTYyMzVkNTNkOGQ4NTAiLCJfYXV0aF91c2VyX2JhY2tlbmQiOiJhY2NvdW50cy5iYWNrZW5kcy5FbWFpbEF1dGgiLCJfYXV0aF91c2VyX2lkIjoiMSJ9",
        "expire_date": "2017-07-28T15:03:37.534Z"
    }
},
{
    "model": "sessions.session",
    "pk": "n55tnm90mh978mbq91xwdb686yc5l250",
    "fields": {
        "session_data": "MWIxODNiOGNiMDkwYjkxZTBlYmRiMzZkMzZjNzM3NTA3Y2ZkZjk3YTp7Il9hdXRoX3VzZXJfaGFzaCI6IjUyMGNkZWI3NjZiZmY2OTEwYjVkMzMzZDFiNTRlZDkyMWQzZGVlNWUiLCJfYXV0aF91c2VyX2JhY2tlbmQiOiJhY2NvdW50cy5iYWNrZW5kcy5FbWFpbEF1dGgiLCJfYXV0aF91c2VyX2lkIjoiMyJ9",
        "expire_date": "2017-07-21T12:41:38.284Z"
    }
},
{
    "model": "sessions.session",
    "pk": "nxo4ptpq4htwvf719m6dq6gyxpc2hg7v",
    "fields": {
        "session_data": "YTU1MDk3MGRkNTQ4NTY1MDgwYzA0NGYzMGY2NDJkOGRmMjI5YmFiZjp7Il9hdXRoX3VzZXJfaGFzaCI6IjFiY2Y0ZTk1ZmRlOGU1YzJmMTA4MjgxYWQ2MTI2MDE4NzUxN2MzMmIiLCJfYXV0aF91c2VyX2JhY2tlbmQiOiJhY2NvdW50cy5iYWNrZW5kcy5FbWFpbEF1dGgiLCJfYXV0aF91c2VyX2lkIjoiMiJ9",
        "expire_date": "2017-08-02T11:20:28.888Z"
    }
},
{
    "model": "sessions.session",
    "pk": "oayfki2c132nfs532ut0f2wvfesme8mg",
    "fields": {
        "session_data": "MWIxODNiOGNiMDkwYjkxZTBlYmRiMzZkMzZjNzM3NTA3Y2ZkZjk3YTp7Il9hdXRoX3VzZXJfaGFzaCI6IjUyMGNkZWI3NjZiZmY2OTEwYjVkMzMzZDFiNTRlZDkyMWQzZGVlNWUiLCJfYXV0aF91c2VyX2JhY2tlbmQiOiJhY2NvdW50cy5iYWNrZW5kcy5FbWFpbEF1dGgiLCJfYXV0aF91c2VyX2lkIjoiMyJ9",
        "expire_date": "2017-07-19T10:56:30.924Z"
    }
},
{
    "model": "sessions.session",
    "pk": "osliiuj2qwmaahx4wpiz6vg9o868c9h7",
    "fields": {
        "session_data": "ZmI1OTU1ZTMxODFiMTY2NzM4OGRlNzdkZjBjYTMyNWI2MTIyOGQ0NTp7Il9hdXRoX3VzZXJfaGFzaCI6ImNiYjMxZjMwMTk5ZmFjMmU2NTcwMzFkNzZmMWM0YzA2MGUyYjNmMGMiLCJfYXV0aF91c2VyX2JhY2tlbmQiOiJhY2NvdW50cy5iYWNrZW5kcy5FbWFpbEF1dGgiLCJfYXV0aF91c2VyX2lkIjoiNSJ9",
        "expire_date": "2017-08-04T09:02:49.108Z"
    }
},
{
    "model": "sessions.session",
    "pk": "p2ip5dsoodfwd4xx09mkn1c1uesgbwrh",
    "fields": {
        "session_data": "M2E1YjhjMDI4ZTNkMjQyNzE0NGExMGI1MDFjMGNkNDgxNmNmYTRjZTp7Il9hdXRoX3VzZXJfaGFzaCI6IjQ3NmRhYjdlMmFhMjlmZDJjNTljY2U4YThlNTYyMzVkNTNkOGQ4NTAiLCJfYXV0aF91c2VyX2JhY2tlbmQiOiJhY2NvdW50cy5iYWNrZW5kcy5FbWFpbEF1dGgiLCJfYXV0aF91c2VyX2lkIjoiMSJ9",
        "expire_date": "2017-07-28T15:21:46.075Z"
    }
},
{
    "model": "sessions.session",
    "pk": "poubsgvcr1v8g51bbfx5b6rs6cfe41qe",
    "fields": {
        "session_data": "M2E1YjhjMDI4ZTNkMjQyNzE0NGExMGI1MDFjMGNkNDgxNmNmYTRjZTp7Il9hdXRoX3VzZXJfaGFzaCI6IjQ3NmRhYjdlMmFhMjlmZDJjNTljY2U4YThlNTYyMzVkNTNkOGQ4NTAiLCJfYXV0aF91c2VyX2JhY2tlbmQiOiJhY2NvdW50cy5iYWNrZW5kcy5FbWFpbEF1dGgiLCJfYXV0aF91c2VyX2lkIjoiMSJ9",
        "expire_date": "2017-07-28T15:48:43.729Z"
    }
},
{
    "model": "sessions.session",
    "pk": "pwsykdmulejy18dxedxdd4545swtt4pq",
    "fields": {
        "session_data": "M2E1YjhjMDI4ZTNkMjQyNzE0NGExMGI1MDFjMGNkNDgxNmNmYTRjZTp7Il9hdXRoX3VzZXJfaGFzaCI6IjQ3NmRhYjdlMmFhMjlmZDJjNTljY2U4YThlNTYyMzVkNTNkOGQ4NTAiLCJfYXV0aF91c2VyX2JhY2tlbmQiOiJhY2NvdW50cy5iYWNrZW5kcy5FbWFpbEF1dGgiLCJfYXV0aF91c2VyX2lkIjoiMSJ9",
        "expire_date": "2017-07-21T11:01:45.038Z"
    }
},
{
    "model": "sessions.session",
    "pk": "q9hkjdwt4jbfz9pkaevk4exl7u0xdl1s",
    "fields": {
        "session_data": "MWIxODNiOGNiMDkwYjkxZTBlYmRiMzZkMzZjNzM3NTA3Y2ZkZjk3YTp7Il9hdXRoX3VzZXJfaGFzaCI6IjUyMGNkZWI3NjZiZmY2OTEwYjVkMzMzZDFiNTRlZDkyMWQzZGVlNWUiLCJfYXV0aF91c2VyX2JhY2tlbmQiOiJhY2NvdW50cy5iYWNrZW5kcy5FbWFpbEF1dGgiLCJfYXV0aF91c2VyX2lkIjoiMyJ9",
        "expire_date": "2017-07-20T14:29:34.069Z"
    }
},
{
    "model": "sessions.session",
    "pk": "rdfh42jqoadhih0imqq72strg3qur9bp",
    "fields": {
        "session_data": "YTU1MDk3MGRkNTQ4NTY1MDgwYzA0NGYzMGY2NDJkOGRmMjI5YmFiZjp7Il9hdXRoX3VzZXJfaGFzaCI6IjFiY2Y0ZTk1ZmRlOGU1YzJmMTA4MjgxYWQ2MTI2MDE4NzUxN2MzMmIiLCJfYXV0aF91c2VyX2JhY2tlbmQiOiJhY2NvdW50cy5iYWNrZW5kcy5FbWFpbEF1dGgiLCJfYXV0aF91c2VyX2lkIjoiMiJ9",
        "expire_date": "2017-08-03T14:46:12.348Z"
    }
},
{
    "model": "sessions.session",
    "pk": "rv1nhd5e8x0982qhcxxamdy68wa2625h",
    "fields": {
        "session_data": "YTU1MDk3MGRkNTQ4NTY1MDgwYzA0NGYzMGY2NDJkOGRmMjI5YmFiZjp7Il9hdXRoX3VzZXJfaGFzaCI6IjFiY2Y0ZTk1ZmRlOGU1YzJmMTA4MjgxYWQ2MTI2MDE4NzUxN2MzMmIiLCJfYXV0aF91c2VyX2JhY2tlbmQiOiJhY2NvdW50cy5iYWNrZW5kcy5FbWFpbEF1dGgiLCJfYXV0aF91c2VyX2lkIjoiMiJ9",
        "expire_date": "2017-07-31T14:22:54.908Z"
    }
},
{
    "model": "sessions.session",
    "pk": "sbhvm87355iqlp9ic50r512cw3tkj0jn",
    "fields": {
        "session_data": "YTU1MDk3MGRkNTQ4NTY1MDgwYzA0NGYzMGY2NDJkOGRmMjI5YmFiZjp7Il9hdXRoX3VzZXJfaGFzaCI6IjFiY2Y0ZTk1ZmRlOGU1YzJmMTA4MjgxYWQ2MTI2MDE4NzUxN2MzMmIiLCJfYXV0aF91c2VyX2JhY2tlbmQiOiJhY2NvdW50cy5iYWNrZW5kcy5FbWFpbEF1dGgiLCJfYXV0aF91c2VyX2lkIjoiMiJ9",
        "expire_date": "2017-07-28T09:18:02.570Z"
    }
},
{
    "model": "sessions.session",
    "pk": "sfxdqtw82jkrx2vbssgmwb83icw3igmn",
    "fields": {
        "session_data": "YTU1MDk3MGRkNTQ4NTY1MDgwYzA0NGYzMGY2NDJkOGRmMjI5YmFiZjp7Il9hdXRoX3VzZXJfaGFzaCI6IjFiY2Y0ZTk1ZmRlOGU1YzJmMTA4MjgxYWQ2MTI2MDE4NzUxN2MzMmIiLCJfYXV0aF91c2VyX2JhY2tlbmQiOiJhY2NvdW50cy5iYWNrZW5kcy5FbWFpbEF1dGgiLCJfYXV0aF91c2VyX2lkIjoiMiJ9",
        "expire_date": "2017-07-31T12:57:11.793Z"
    }
},
{
    "model": "sessions.session",
    "pk": "sitk8ih7pidmo7twqzqwrpbu05o4dclo",
    "fields": {
        "session_data": "YTU1MDk3MGRkNTQ4NTY1MDgwYzA0NGYzMGY2NDJkOGRmMjI5YmFiZjp7Il9hdXRoX3VzZXJfaGFzaCI6IjFiY2Y0ZTk1ZmRlOGU1YzJmMTA4MjgxYWQ2MTI2MDE4NzUxN2MzMmIiLCJfYXV0aF91c2VyX2JhY2tlbmQiOiJhY2NvdW50cy5iYWNrZW5kcy5FbWFpbEF1dGgiLCJfYXV0aF91c2VyX2lkIjoiMiJ9",
        "expire_date": "2017-08-03T15:26:11.650Z"
    }
},
{
    "model": "sessions.session",
    "pk": "snjwtf792askb6nq44f6b5qragp5ck0f",
    "fields": {
        "session_data": "MWIxODNiOGNiMDkwYjkxZTBlYmRiMzZkMzZjNzM3NTA3Y2ZkZjk3YTp7Il9hdXRoX3VzZXJfaGFzaCI6IjUyMGNkZWI3NjZiZmY2OTEwYjVkMzMzZDFiNTRlZDkyMWQzZGVlNWUiLCJfYXV0aF91c2VyX2JhY2tlbmQiOiJhY2NvdW50cy5iYWNrZW5kcy5FbWFpbEF1dGgiLCJfYXV0aF91c2VyX2lkIjoiMyJ9",
        "expire_date": "2017-07-19T11:49:06.577Z"
    }
},
{
    "model": "sessions.session",
    "pk": "stib741uxtm2szs7gy5mrl453b87emy7",
    "fields": {
        "session_data": "MmQ1YjE4NDljMWZiZDFmYjAzMjExZjgyNmU1MGU2ZjM3NmJjMTYyOTp7Il9hdXRoX3VzZXJfaGFzaCI6Ijg2OTI0MzcyMWU5NmQyYjExNDI0MmMyNGFlMjJkMjA4NzJkMjhjNjciLCJfYXV0aF91c2VyX2JhY2tlbmQiOiJhY2NvdW50cy5iYWNrZW5kcy5FbWFpbEF1dGgiLCJfYXV0aF91c2VyX2lkIjoiNCJ9",
        "expire_date": "2017-07-31T11:35:13.138Z"
    }
},
{
    "model": "sessions.session",
    "pk": "u5xfmii4jvhjzivmw3qz7d6tpbi1pakt",
    "fields": {
        "session_data": "ZmI1OTU1ZTMxODFiMTY2NzM4OGRlNzdkZjBjYTMyNWI2MTIyOGQ0NTp7Il9hdXRoX3VzZXJfaGFzaCI6ImNiYjMxZjMwMTk5ZmFjMmU2NTcwMzFkNzZmMWM0YzA2MGUyYjNmMGMiLCJfYXV0aF91c2VyX2JhY2tlbmQiOiJhY2NvdW50cy5iYWNrZW5kcy5FbWFpbEF1dGgiLCJfYXV0aF91c2VyX2lkIjoiNSJ9",
        "expire_date": "2017-08-04T09:11:56.544Z"
    }
},
{
    "model": "sessions.session",
    "pk": "u8pwghvv8pmwashl79yqttbxk0wijs9t",
    "fields": {
        "session_data": "YTU1MDk3MGRkNTQ4NTY1MDgwYzA0NGYzMGY2NDJkOGRmMjI5YmFiZjp7Il9hdXRoX3VzZXJfaGFzaCI6IjFiY2Y0ZTk1ZmRlOGU1YzJmMTA4MjgxYWQ2MTI2MDE4NzUxN2MzMmIiLCJfYXV0aF91c2VyX2JhY2tlbmQiOiJhY2NvdW50cy5iYWNrZW5kcy5FbWFpbEF1dGgiLCJfYXV0aF91c2VyX2lkIjoiMiJ9",
        "expire_date": "2017-07-31T12:23:54.572Z"
    }
},
{
    "model": "sessions.session",
    "pk": "u9tcfungdj8e7dvfrtp6gwnm1jq5e3c1",
    "fields": {
        "session_data": "YTU1MDk3MGRkNTQ4NTY1MDgwYzA0NGYzMGY2NDJkOGRmMjI5YmFiZjp7Il9hdXRoX3VzZXJfaGFzaCI6IjFiY2Y0ZTk1ZmRlOGU1YzJmMTA4MjgxYWQ2MTI2MDE4NzUxN2MzMmIiLCJfYXV0aF91c2VyX2JhY2tlbmQiOiJhY2NvdW50cy5iYWNrZW5kcy5FbWFpbEF1dGgiLCJfYXV0aF91c2VyX2lkIjoiMiJ9",
        "expire_date": "2017-08-03T14:46:36.848Z"
    }
},
{
    "model": "sessions.session",
    "pk": "ucs8ucr9sx8t9uz8bhn2u650fj2gw9kh",
    "fields": {
        "session_data": "M2E1YjhjMDI4ZTNkMjQyNzE0NGExMGI1MDFjMGNkNDgxNmNmYTRjZTp7Il9hdXRoX3VzZXJfaGFzaCI6IjQ3NmRhYjdlMmFhMjlmZDJjNTljY2U4YThlNTYyMzVkNTNkOGQ4NTAiLCJfYXV0aF91c2VyX2JhY2tlbmQiOiJhY2NvdW50cy5iYWNrZW5kcy5FbWFpbEF1dGgiLCJfYXV0aF91c2VyX2lkIjoiMSJ9",
        "expire_date": "2017-07-18T11:17:59.214Z"
    }
},
{
    "model": "sessions.session",
    "pk": "urbfvxm44zipe0x7uvv8ii2rf93animh",
    "fields": {
        "session_data": "ZmI1OTU1ZTMxODFiMTY2NzM4OGRlNzdkZjBjYTMyNWI2MTIyOGQ0NTp7Il9hdXRoX3VzZXJfaGFzaCI6ImNiYjMxZjMwMTk5ZmFjMmU2NTcwMzFkNzZmMWM0YzA2MGUyYjNmMGMiLCJfYXV0aF91c2VyX2JhY2tlbmQiOiJhY2NvdW50cy5iYWNrZW5kcy5FbWFpbEF1dGgiLCJfYXV0aF91c2VyX2lkIjoiNSJ9",
        "expire_date": "2017-08-04T09:37:35.209Z"
    }
},
{
    "model": "sessions.session",
    "pk": "uzr2kwj5x0owy0ufqlbjgowiwer1gzm9",
    "fields": {
        "session_data": "ZmI1OTU1ZTMxODFiMTY2NzM4OGRlNzdkZjBjYTMyNWI2MTIyOGQ0NTp7Il9hdXRoX3VzZXJfaGFzaCI6ImNiYjMxZjMwMTk5ZmFjMmU2NTcwMzFkNzZmMWM0YzA2MGUyYjNmMGMiLCJfYXV0aF91c2VyX2JhY2tlbmQiOiJhY2NvdW50cy5iYWNrZW5kcy5FbWFpbEF1dGgiLCJfYXV0aF91c2VyX2lkIjoiNSJ9",
        "expire_date": "2017-08-04T09:45:02.539Z"
    }
},
{
    "model": "sessions.session",
    "pk": "v7izucsqnp7mk09zpigmri67eihkszpl",
    "fields": {
        "session_data": "M2E1YjhjMDI4ZTNkMjQyNzE0NGExMGI1MDFjMGNkNDgxNmNmYTRjZTp7Il9hdXRoX3VzZXJfaGFzaCI6IjQ3NmRhYjdlMmFhMjlmZDJjNTljY2U4YThlNTYyMzVkNTNkOGQ4NTAiLCJfYXV0aF91c2VyX2JhY2tlbmQiOiJhY2NvdW50cy5iYWNrZW5kcy5FbWFpbEF1dGgiLCJfYXV0aF91c2VyX2lkIjoiMSJ9",
        "expire_date": "2017-07-17T16:14:19.940Z"
    }
},
{
    "model": "sessions.session",
    "pk": "vb8nej2q3ocdcf08plpq8cikknj0csea",
    "fields": {
        "session_data": "M2E1YjhjMDI4ZTNkMjQyNzE0NGExMGI1MDFjMGNkNDgxNmNmYTRjZTp7Il9hdXRoX3VzZXJfaGFzaCI6IjQ3NmRhYjdlMmFhMjlmZDJjNTljY2U4YThlNTYyMzVkNTNkOGQ4NTAiLCJfYXV0aF91c2VyX2JhY2tlbmQiOiJhY2NvdW50cy5iYWNrZW5kcy5FbWFpbEF1dGgiLCJfYXV0aF91c2VyX2lkIjoiMSJ9",
        "expire_date": "2017-07-18T11:49:36.609Z"
    }
},
{
    "model": "sessions.session",
    "pk": "wtjtw0isb3j7xshlmtyydj1906mj5jrw",
    "fields": {
        "session_data": "OTdkNzA2NDQyM2ExODZhYzJiNTdhMzIwODNhMDM3ZjAwYWZkODY4OTp7Il9hdXRoX3VzZXJfaGFzaCI6IjQ3NmRhYjdlMmFhMjlmZDJjNTljY2U4YThlNTYyMzVkNTNkOGQ4NTAiLCJfYXV0aF91c2VyX2JhY2tlbmQiOiJkamFuZ28uY29udHJpYi5hdXRoLmJhY2tlbmRzLk1vZGVsQmFja2VuZCIsIl9hdXRoX3VzZXJfaWQiOiIxIn0=",
        "expire_date": "2017-08-08T13:34:59.322Z"
    }
},
{
    "model": "sessions.session",
    "pk": "x267ti70izt0afdzku3u5swrcfrbczb8",
    "fields": {
        "session_data": "YTU1MDk3MGRkNTQ4NTY1MDgwYzA0NGYzMGY2NDJkOGRmMjI5YmFiZjp7Il9hdXRoX3VzZXJfaGFzaCI6IjFiY2Y0ZTk1ZmRlOGU1YzJmMTA4MjgxYWQ2MTI2MDE4NzUxN2MzMmIiLCJfYXV0aF91c2VyX2JhY2tlbmQiOiJhY2NvdW50cy5iYWNrZW5kcy5FbWFpbEF1dGgiLCJfYXV0aF91c2VyX2lkIjoiMiJ9",
        "expire_date": "2017-07-31T12:48:34.912Z"
    }
},
{
    "model": "sessions.session",
    "pk": "xp8si4r4u89z4t9tr10q8tee3m42olb7",
    "fields": {
        "session_data": "MWIxODNiOGNiMDkwYjkxZTBlYmRiMzZkMzZjNzM3NTA3Y2ZkZjk3YTp7Il9hdXRoX3VzZXJfaGFzaCI6IjUyMGNkZWI3NjZiZmY2OTEwYjVkMzMzZDFiNTRlZDkyMWQzZGVlNWUiLCJfYXV0aF91c2VyX2JhY2tlbmQiOiJhY2NvdW50cy5iYWNrZW5kcy5FbWFpbEF1dGgiLCJfYXV0aF91c2VyX2lkIjoiMyJ9",
        "expire_date": "2017-07-19T13:34:53.929Z"
    }
},
{
    "model": "sessions.session",
    "pk": "xpr9xr0e8vpqeo2v9xuy4dqqlgch7m9f",
    "fields": {
        "session_data": "YTU1MDk3MGRkNTQ4NTY1MDgwYzA0NGYzMGY2NDJkOGRmMjI5YmFiZjp7Il9hdXRoX3VzZXJfaGFzaCI6IjFiY2Y0ZTk1ZmRlOGU1YzJmMTA4MjgxYWQ2MTI2MDE4NzUxN2MzMmIiLCJfYXV0aF91c2VyX2JhY2tlbmQiOiJhY2NvdW50cy5iYWNrZW5kcy5FbWFpbEF1dGgiLCJfYXV0aF91c2VyX2lkIjoiMiJ9",
        "expire_date": "2017-07-24T10:20:00.732Z"
    }
},
{
    "model": "sessions.session",
    "pk": "zdfboex3bkss8rksadph7waul0ss9kfh",
    "fields": {
        "session_data": "M2E1YjhjMDI4ZTNkMjQyNzE0NGExMGI1MDFjMGNkNDgxNmNmYTRjZTp7Il9hdXRoX3VzZXJfaGFzaCI6IjQ3NmRhYjdlMmFhMjlmZDJjNTljY2U4YThlNTYyMzVkNTNkOGQ4NTAiLCJfYXV0aF91c2VyX2JhY2tlbmQiOiJhY2NvdW50cy5iYWNrZW5kcy5FbWFpbEF1dGgiLCJfYXV0aF91c2VyX2lkIjoiMSJ9",
        "expire_date": "2017-07-17T15:33:49.855Z"
    }
},
{
    "model": "sessions.session",
    "pk": "zegpl7age93wg19vrl6cwlzbggfm1ovr",
    "fields": {
        "session_data": "MWIxODNiOGNiMDkwYjkxZTBlYmRiMzZkMzZjNzM3NTA3Y2ZkZjk3YTp7Il9hdXRoX3VzZXJfaGFzaCI6IjUyMGNkZWI3NjZiZmY2OTEwYjVkMzMzZDFiNTRlZDkyMWQzZGVlNWUiLCJfYXV0aF91c2VyX2JhY2tlbmQiOiJhY2NvdW50cy5iYWNrZW5kcy5FbWFpbEF1dGgiLCJfYXV0aF91c2VyX2lkIjoiMyJ9",
        "expire_date": "2017-07-19T10:24:49.748Z"
    }
},
{
    "model": "sessions.session",
    "pk": "zw0l5fov7s1c777qlpqeucveezj27ugj",
    "fields": {
        "session_data": "YjE2OTYwMmJlNTY3NWVmOGJkYTQ4ZTg3YmE5NGM3YmI0OThkZWM1Zjp7Il9hdXRoX3VzZXJfaGFzaCI6IjFlYzk0N2I0OWVlYWE2MmRkMjE4ZGYyOWI3YTY4OWY4YzEwN2E2YTEiLCJfYXV0aF91c2VyX2JhY2tlbmQiOiJhY2NvdW50cy5iYWNrZW5kcy5FbWFpbEF1dGgiLCJfYXV0aF91c2VyX2lkIjoiNiJ9",
        "expire_date": "2017-08-03T11:27:09.880Z"
    }
},
{
    "model": "accounts.user",
    "pk": 1,
    "fields": {
        "password": "pbkdf2_sha256$30000$vntQrhVq8nFs$2B+bYNpbxXIdDY2o7VRX3YE7eLnFxiTj8WR2HXCBb80=",
        "last_login": "2017-10-09T11:37:59.097Z",
        "is_superuser": true,
        "username": "clp@pidge.com",
        "first_name": "",
        "last_name": "",
        "email": "clp@pidge.com",
        "is_staff": true,
        "is_active": true,
        "date_joined": "2017-06-20T11:25:40.111Z",
        "stripe_id": "",
        "subscription_end": "2017-06-20T11:25:40.111Z",
        "groups": [],
        "user_permissions": []
    }
},
{
    "model": "accounts.user",
    "pk": 2,
    "fields": {
        "password": "pbkdf2_sha256$30000$NXlJ5Xe65AV9$3rKHzWoRhM3KpR7AZ/fBaazoBJcnBP26KKF8SSrbBt0=",
        "last_login": "2017-10-11T11:15:40.610Z",
        "is_superuser": false,
        "username": "clp@clpidge.com",
        "first_name": "",
        "last_name": "",
        "email": "clp@clpidge.com",
        "is_staff": false,
        "is_active": true,
        "date_joined": "2017-06-20T11:35:04.789Z",
        "stripe_id": "cus_BWcESSLnbZF1o0",
        "subscription_end": "2017-11-02T14:03:05.808Z",
        "groups": [],
        "user_permissions": []
    }
},
{
    "model": "accounts.user",
    "pk": 3,
    "fields": {
        "password": "pbkdf2_sha256$36000$MnCGwI28s5mJ$wssR7XuqnTDdaZ2WIsRviq2C9W7u/HeFiwXZ4YIfcHw=",
        "last_login": "2017-07-17T11:34:29.594Z",
        "is_superuser": false,
        "username": "cp@clpidge.com",
        "first_name": "",
        "last_name": "",
        "email": "cp@clpidge.com",
        "is_staff": false,
        "is_active": true,
        "date_joined": "2017-06-20T11:37:11.604Z",
        "stripe_id": "cus_AsVgYX8AEitlfY",
        "subscription_end": "2017-07-18T11:37:13.022Z",
        "groups": [],
        "user_permissions": []
    }
},
{
    "model": "accounts.user",
    "pk": 4,
    "fields": {
        "password": "pbkdf2_sha256$36000$4oKgsRDHbxUW$+X3G7/0xVWKD0Klextutkje/+60VoI1Uc38Xi/RopWk=",
        "last_login": "2017-07-20T11:18:29.938Z",
        "is_superuser": false,
        "username": "clare@clpidge.com",
        "first_name": "",
        "last_name": "",
        "email": "clare@clpidge.com",
        "is_staff": false,
        "is_active": true,
        "date_joined": "2017-07-17T11:35:10.246Z",
        "stripe_id": "cus_B2ckgn1jrptOYm",
        "subscription_end": "2017-08-14T11:35:12.901Z",
        "groups": [],
        "user_permissions": []
    }
},
{
    "model": "accounts.user",
    "pk": 5,
    "fields": {
        "password": "pbkdf2_sha256$36000$9nlcnGJiqoiI$yMNiQ8kiJTE8s8UXqm+E7X2XtbZsPKSF9Z+dLoOsuPk=",
        "last_login": "2017-07-21T09:47:26.275Z",
        "is_superuser": false,
        "username": "clarepidge@clpidge.com",
        "first_name": "",
        "last_name": "",
        "email": "clarepidge@clpidge.com",
        "is_staff": false,
        "is_active": true,
        "date_joined": "2017-07-20T11:16:40.536Z",
        "stripe_id": "",
        "subscription_end": "2017-07-20T11:16:40.536Z",
        "groups": [],
        "user_permissions": []
    }
},
{
    "model": "accounts.user",
    "pk": 6,
    "fields": {
        "password": "pbkdf2_sha256$36000$g6Jy47ifH8Yv$9o1yRdU0S99sm4tkTvXxN8Aiuw55HGoZ4qOP7m58s6U=",
        "last_login": "2017-07-25T12:54:31.047Z",
        "is_superuser": false,
        "username": "jude@pidge.com",
        "first_name": "",
        "last_name": "",
        "email": "jude@pidge.com",
        "is_staff": false,
        "is_active": true,
        "date_joined": "2017-07-20T11:27:09.557Z",
        "stripe_id": "",
        "subscription_end": "2017-07-20T11:27:09.557Z",
        "groups": [],
        "user_permissions": []
    }
},
{
    "model": "accounts.user",
    "pk": 7,
    "fields": {
        "password": "pbkdf2_sha256$36000$Hq0dON9JelQ8$Wk4zsf0JlNKoyo4tHJf/9/aWgWistCKLi2XLRjhUUjc=",
        "last_login": "2017-08-21T10:24:37.968Z",
        "is_superuser": false,
        "username": "will@pidge.com",
        "first_name": "",
        "last_name": "",
        "email": "will@pidge.com",
        "is_staff": false,
        "is_active": true,
        "date_joined": "2017-07-20T14:21:30.340Z",
        "stripe_id": "cus_BFiWs36dXTeELh",
        "subscription_end": "2017-09-18T10:25:01.889Z",
        "groups": [],
        "user_permissions": []
    }
},
{
    "model": "accounts.user",
    "pk": 8,
    "fields": {
        "password": "pbkdf2_sha256$36000$RsyPXBeBInKE$1uRwATYljdeUcZH1btfrUHN9skEtd6R0TISQdl+7NLk=",
        "last_login": null,
        "is_superuser": false,
        "username": "None",
        "first_name": "",
        "last_name": "",
        "email": "",
        "is_staff": false,
        "is_active": true,
        "date_joined": "2017-07-20T14:51:06.426Z",
        "stripe_id": "cus_B3naTGrIa81uAD",
        "subscription_end": "2017-08-17T14:51:09.144Z",
        "groups": [],
        "user_permissions": []
    }
},
{
    "model": "accounts.user",
    "pk": 9,
    "fields": {
        "password": "",
        "last_login": null,
        "is_superuser": false,
        "username": "",
        "first_name": "",
        "last_name": "",
        "email": "",
        "is_staff": false,
        "is_active": true,
        "date_joined": "2017-07-20T14:53:37.855Z",
        "stripe_id": "cus_B3ndN5JWgQzuqb",
        "subscription_end": "2017-08-17T14:53:39.267Z",
        "groups": [],
        "user_permissions": []
    }
},
{
    "model": "accounts.user",
    "pk": 10,
    "fields": {
        "password": "pbkdf2_sha256$36000$WOjANI21Kn8h$E35irfS50oDhUJN6qJUTfdhK5wPd5JiVLG26+YePsqU=",
        "last_login": "2017-07-21T10:18:26.974Z",
        "is_superuser": false,
        "username": "jon@pidge.com",
        "first_name": "",
        "last_name": "",
        "email": "jon@pidge.com",
        "is_staff": false,
        "is_active": true,
        "date_joined": "2017-07-20T15:34:50.595Z",
        "stripe_id": "",
        "subscription_end": "2017-07-20T15:34:50.595Z",
        "groups": [],
        "user_permissions": []
    }
},
{
    "model": "accounts.user",
    "pk": 11,
    "fields": {
        "password": "pbkdf2_sha256$36000$tHJfFG37KvCr$7RyX8nUYPP+Ru5XycEKnexvxNNdHCCi6LdqKiZl0jJM=",
        "last_login": "2017-07-21T10:02:20.840Z",
        "is_superuser": false,
        "username": "jcp@pidge.com",
        "first_name": "",
        "last_name": "",
        "email": "jcp@pidge.com",
        "is_staff": false,
        "is_active": true,
        "date_joined": "2017-07-21T10:02:20.146Z",
        "stripe_id": "",
        "subscription_end": "2017-07-21T10:02:20.146Z",
        "groups": [],
        "user_permissions": []
    }
},
{
    "model": "accounts.user",
    "pk": 12,
    "fields": {
        "password": "pbkdf2_sha256$36000$fI9VvnA5Y6FC$/djK9XzU+IIzp57le1JlqihHuLIiE4F5th81yL57PkQ=",
        "last_login": "2017-07-21T10:48:22.060Z",
        "is_superuser": false,
        "username": "wdp@pidge.com",
        "first_name": "",
        "last_name": "",
        "email": "wdp@pidge.com",
        "is_staff": false,
        "is_active": true,
        "date_joined": "2017-07-21T10:48:21.675Z",
        "stripe_id": "",
        "subscription_end": "2017-07-21T10:48:21.675Z",
        "groups": [],
        "user_permissions": []
    }
},
{
    "model": "sites.site",
    "pk": 1,
    "fields": {
        "domain": "example.com",
        "name": "example.com"
    }
},
{
    "model": "sites.site",
    "pk": 2,
    "fields": {
        "domain": "localhost",
        "name": "localhost"
    }
},
{
    "model": "flatpages.flatpage",
    "pk": 1,
    "fields": {
        "url": "/pages/about/",
        "title": "About Us!",
        "content": "<p>Welcome to the about us page!</p>\r\n\r\n<p>This site is designed in a way to be the only site you need for UK ice hockey news. </p>\r\n\r\n<p>The most exciting part of this is the player tracker, want to know if your favourite player from last season is going to re-sign for you or if they've signed elsewhere? This is the site for you! </p>\r\n\r\n<p>We also have our regularly updated blog to keep you up to date with goings on around the league, there is also a forum for you to join in the discussion.</p>\r\n\r\n<p>If you find any bugs please follow our issue tracker to see if it's already been reported and upvote it, if it hasn't been reported yet then please fill in the form to report it.</p>\r\n\r\n<p>Find something missing from the site? Then request a feature! We aim to please, we pledge that we will spend at least 50% of our time on building the most voted for feature. To upvote a feature we therefore request you sign up for our monthly subscription.</p>",
        "enable_comments": false,
        "template_name": "",
        "registration_required": false,
        "sites": [
            [
                "localhost"
            ]
        ]
    }
},
{
    "model": "flatpages.flatpage",
    "pk": 2,
    "fields": {
        "url": "/pages/contact/",
        "title": "Contact Us!",
        "content": "<p>Welcome to the contact page!</p>\r\n\r\n<p>We can be contacted in a variety of ways: <p>\r\n\r\n<p><a href=\"facebook.com\">Facebook</a></p>\r\n<p><a href=\"twitter.com\">Twitter</a></p>\r\n<p><a href=\"yahoo.co.uk\">Email</a></p>\r\n\r\n<p>We also are active on the forum so if it's a minor issue or could start a friendly debate start a thread in 'The Bar' section of the forum.</p>",
        "enable_comments": false,
        "template_name": "",
        "registration_required": false,
        "sites": [
            [
                "localhost"
            ]
        ]
    }
},
{
    "model": "blog.post",
    "pk": 1,
    "fields": {
        "title": "Blog 1",
        "content": "Test blog!\r\n\r\nLet's add an ice hockey related picture.\r\n\r\nThe random picture I uploaded is of Marcus Kristoffersson playing for Manchester Phoenix!",
        "created_date": "2017-06-20T16:11:41.772Z",
        "published_date": "2017-06-20T16:13:25.134Z",
        "views": 32,
        "tag": "ice hockey",
        "image": "images/icehockey1.jpg"
    }
},
{
    "model": "blog.post",
    "pk": 2,
    "fields": {
        "title": "Blog 2",
        "content": "I've added some style to the site today.\r\n\r\nI'm enjoying the background picture of the net.\r\n\r\nI've gone with a colour scheme of red and blue in honour of the line markings on the ice. \r\n\r\nGot to get working on the forum layout & style now.",
        "created_date": "2017-07-14T15:07:47.326Z",
        "published_date": "2017-07-14T15:16:04.130Z",
        "views": 14,
        "tag": "style",
        "image": ""
    }
},
{
    "model": "threads.subject",
    "pk": 1,
    "fields": {
        "name": "UK Ice Hockey",
        "description": "<p>All things UK Ice hockey - EIHL, SHL, NIHL1, NIHL2 etc</p>"
    }
},
{
    "model": "threads.subject",
    "pk": 2,
    "fields": {
        "name": "World Ice Hockey",
        "description": "<p>For all talk for other worldwide leagues such as NHL</p>"
    }
},
{
    "model": "threads.subject",
    "pk": 3,
    "fields": {
        "name": "The Bar",
        "description": "<p>For all non - ice hockey related chatter</p>"
    }
},
{
    "model": "threads.thread",
    "pk": 1,
    "fields": {
        "name": "Who will win the EIHL next season?",
        "user": [
            "clp@pidge.com"
        ],
        "subject": 1,
        "created_at": "2017-06-20T19:09:24.764Z"
    }
},
{
    "model": "threads.thread",
    "pk": 2,
    "fields": {
        "name": "New boys",
        "user": [
            "cp@clpidge.com"
        ],
        "subject": 1,
        "created_at": "2017-07-05T09:45:46.435Z"
    }
},
{
    "model": "threads.thread",
    "pk": 3,
    "fields": {
        "name": "Best Signing",
        "user": [
            "clp@pidge.com"
        ],
        "subject": 1,
        "created_at": "2017-07-14T15:28:12.145Z"
    }
},
{
    "model": "threads.post",
    "pk": 1,
    "fields": {
        "thread": 1,
        "comment": "<p>So, who do you think is going to win the Elite League next season?</p>",
        "user": [
            "clp@pidge.com"
        ],
        "created_at": "2017-06-20T19:09:24.765Z"
    }
},
{
    "model": "threads.post",
    "pk": 2,
    "fields": {
        "thread": 1,
        "comment": "<p>Unfortunately, I think Sheffield will be making a good fight for the title.&nbsp;</p>",
        "user": [
            "clp@clpidge.com"
        ],
        "created_at": "2017-06-27T09:40:06.324Z"
    }
},
{
    "model": "threads.post",
    "pk": 3,
    "fields": {
        "thread": 1,
        "comment": "<p>I'm hoping it'll be the Devils again, seem to be putting a good roster together again.&nbsp;</p>",
        "user": [
            "cp@clpidge.com"
        ],
        "created_at": "2017-06-27T09:41:13.638Z"
    }
},
{
    "model": "threads.post",
    "pk": 4,
    "fields": {
        "thread": 1,
        "comment": "<p>Looking like Devils are the team to beat for me.</p>",
        "user": [
            "clp@pidge.com"
        ],
        "created_at": "2017-07-04T12:32:24.660Z"
    }
},
{
    "model": "threads.post",
    "pk": 5,
    "fields": {
        "thread": 2,
        "comment": "<p>Who will finish higher in the league from the two new teams?</p>",
        "user": [
            "cp@clpidge.com"
        ],
        "created_at": "2017-07-05T09:45:46.435Z"
    }
},
{
    "model": "threads.post",
    "pk": 6,
    "fields": {
        "thread": 3,
        "comment": "<p>Who is Storm's best signing of the off season so far?</p>",
        "user": [
            "clp@pidge.com"
        ],
        "created_at": "2017-07-14T15:28:12.146Z"
    }
},
{
    "model": "threads.post",
    "pk": 7,
    "fields": {
        "thread": 2,
        "comment": "<p>MK look to be building a much stronger team than Guildford.&nbsp;</p>\r\n<p>I was expecting Guildford to spend more than they look to have done...</p>",
        "user": [
            "wdp@pidge.com"
        ],
        "created_at": "2017-07-24T12:28:26.236Z"
    }
},
{
    "model": "polls.poll",
    "pk": 1,
    "fields": {
        "question": "Title will go to....",
        "thread": 1
    }
},
{
    "model": "polls.poll",
    "pk": 2,
    "fields": {
        "question": "I think ____ will finish higher in the league",
        "thread": 2
    }
},
{
    "model": "polls.poll",
    "pk": 3,
    "fields": {
        "question": "Who?",
        "thread": 3
    }
},
{
    "model": "polls.pollsubject",
    "pk": 1,
    "fields": {
        "name": "Cardiff Devils",
        "poll": 1
    }
},
{
    "model": "polls.pollsubject",
    "pk": 2,
    "fields": {
        "name": "Sheffield Steelers",
        "poll": 1
    }
},
{
    "model": "polls.pollsubject",
    "pk": 3,
    "fields": {
        "name": "Other",
        "poll": 1
    }
},
{
    "model": "polls.pollsubject",
    "pk": 4,
    "fields": {
        "name": "Guildford Flames",
        "poll": 2
    }
},
{
    "model": "polls.pollsubject",
    "pk": 5,
    "fields": {
        "name": "Milton Keynes Lightning",
        "poll": 2
    }
},
{
    "model": "polls.pollsubject",
    "pk": 6,
    "fields": {
        "name": "Not a clue!",
        "poll": 2
    }
},
{
    "model": "polls.pollsubject",
    "pk": 7,
    "fields": {
        "name": "Beca",
        "poll": 3
    }
},
{
    "model": "polls.pollsubject",
    "pk": 8,
    "fields": {
        "name": "Swindlehurst",
        "poll": 3
    }
},
{
    "model": "polls.pollsubject",
    "pk": 9,
    "fields": {
        "name": "Clemente",
        "poll": 3
    }
},
{
    "model": "polls.vote",
    "pk": 1,
    "fields": {
        "poll": 1,
        "subject": 1,
        "user": [
            "clp@pidge.com"
        ]
    }
},
{
    "model": "polls.vote",
    "pk": 2,
    "fields": {
        "poll": 1,
        "subject": 2,
        "user": [
            "clp@clpidge.com"
        ]
    }
},
{
    "model": "polls.vote",
    "pk": 3,
    "fields": {
        "poll": 1,
        "subject": 1,
        "user": [
            "cp@clpidge.com"
        ]
    }
},
{
    "model": "polls.vote",
    "pk": 4,
    "fields": {
        "poll": 2,
        "subject": 5,
        "user": [
            "cp@clpidge.com"
        ]
    }
},
{
    "model": "polls.vote",
    "pk": 5,
    "fields": {
        "poll": 2,
        "subject": 4,
        "user": [
            "clp@pidge.com"
        ]
    }
},
{
    "model": "polls.vote",
    "pk": 6,
    "fields": {
        "poll": 3,
        "subject": 7,
        "user": [
            "clp@pidge.com"
        ]
    }
},
{
    "model": "polls.vote",
    "pk": 7,
    "fields": {
        "poll": 1,
        "subject": 3,
        "user": [
            "wdp@pidge.com"
        ]
    }
},
{
    "model": "issuetracker.issue",
    "pk": 1,
    "fields": {
        "title": "Registration",
        "description": "You can no longer register",
        "status": "Todo",
        "type": "Bug",
        "updated": "2017-10-11T11:16:09.508Z"
    }
},
{
    "model": "issuetracker.issue",
    "pk": 2,
    "fields": {
        "title": "League table",
        "description": "A league table for the fantasy ice hockey",
        "status": "Todo",
        "type": "Feature",
        "updated": "2017-10-11T11:17:26.592Z"
    }
},
{
    "model": "issuetracker.comments",
    "pk": 1,
    "fields": {
        "issue": 1,
        "comments": "I also have this issue.",
        "created_at": "2017-10-11T11:27:37.711Z"
    }
},
{
    "model": "admin.logentry",
    "pk": 1,
    "fields": {
        "action_time": "2017-06-20T15:05:44.887Z",
        "user": [
            "clp@pidge.com"
        ],
        "content_type": [
            "magazines",
            "magazine"
        ],
        "object_id": "1",
        "object_repr": "Monthly",
        "action_flag": 1,
        "change_message": "[{\"added\": {}}]"
    }
},
{
    "model": "admin.logentry",
    "pk": 2,
    "fields": {
        "action_time": "2017-06-20T15:23:33.268Z",
        "user": [
            "clp@pidge.com"
        ],
        "content_type": [
            "sites",
            "site"
        ],
        "object_id": "2",
        "object_repr": "localhost",
        "action_flag": 1,
        "change_message": "[{\"added\": {}}]"
    }
},
{
    "model": "admin.logentry",
    "pk": 3,
    "fields": {
        "action_time": "2017-06-20T15:26:38.847Z",
        "user": [
            "clp@pidge.com"
        ],
        "content_type": [
            "flatpages",
            "flatpage"
        ],
        "object_id": "1",
        "object_repr": "/pages/about/ -- About Us!",
        "action_flag": 1,
        "change_message": "[{\"added\": {}}]"
    }
},
{
    "model": "admin.logentry",
    "pk": 4,
    "fields": {
        "action_time": "2017-06-20T15:36:28.480Z",
        "user": [
            "clp@pidge.com"
        ],
        "content_type": [
            "flatpages",
            "flatpage"
        ],
        "object_id": "2",
        "object_repr": "/pages/contact/ -- Contact Us!",
        "action_flag": 1,
        "change_message": "[{\"added\": {}}]"
    }
},
{
    "model": "admin.logentry",
    "pk": 5,
    "fields": {
        "action_time": "2017-06-20T15:36:46.005Z",
        "user": [
            "clp@pidge.com"
        ],
        "content_type": [
            "flatpages",
            "flatpage"
        ],
        "object_id": "1",
        "object_repr": "/pages/about/ -- About Us!",
        "action_flag": 2,
        "change_message": "[{\"changed\": {\"fields\": [\"content\"]}}]"
    }
},
{
    "model": "admin.logentry",
    "pk": 6,
    "fields": {
        "action_time": "2017-06-20T19:07:26.087Z",
        "user": [
            "clp@pidge.com"
        ],
        "content_type": [
            "threads",
            "subject"
        ],
        "object_id": "1",
        "object_repr": "Ice Hockey",
        "action_flag": 1,
        "change_message": "[{\"added\": {}}]"
    }
},
{
    "model": "admin.logentry",
    "pk": 7,
    "fields": {
        "action_time": "2017-06-20T19:08:02.407Z",
        "user": [
            "clp@pidge.com"
        ],
        "content_type": [
            "threads",
            "subject"
        ],
        "object_id": "2",
        "object_repr": "World Ice Hockey",
        "action_flag": 1,
        "change_message": "[{\"added\": {}}]"
    }
},
{
    "model": "admin.logentry",
    "pk": 8,
    "fields": {
        "action_time": "2017-06-20T19:08:11.410Z",
        "user": [
            "clp@pidge.com"
        ],
        "content_type": [
            "threads",
            "subject"
        ],
        "object_id": "1",
        "object_repr": "UK Ice Hockey",
        "action_flag": 2,
        "change_message": "[{\"changed\": {\"fields\": [\"name\"]}}]"
    }
},
{
    "model": "admin.logentry",
    "pk": 9,
    "fields": {
        "action_time": "2017-06-20T19:08:26.011Z",
        "user": [
            "clp@pidge.com"
        ],
        "content_type": [
            "threads",
            "subject"
        ],
        "object_id": "3",
        "object_repr": "The Bar",
        "action_flag": 1,
        "change_message": "[{\"added\": {}}]"
    }
},
{
    "model": "admin.logentry",
    "pk": 10,
    "fields": {
        "action_time": "2017-06-22T14:33:14.177Z",
        "user": [
            "clp@pidge.com"
        ],
        "content_type": [
            "bugs",
            "bug"
        ],
        "object_id": "1",
        "object_repr": "Fix the view",
        "action_flag": 1,
        "change_message": "[{\"added\": {}}]"
    }
},
{
    "model": "admin.logentry",
    "pk": 11,
    "fields": {
        "action_time": "2017-06-22T14:36:51.321Z",
        "user": [
            "clp@pidge.com"
        ],
        "content_type": [
            "bugs",
            "bug"
        ],
        "object_id": "2",
        "object_repr": "View fix",
        "action_flag": 2,
        "change_message": "[{\"changed\": {\"fields\": [\"status\"]}}]"
    }
},
{
    "model": "admin.logentry",
    "pk": 12,
    "fields": {
        "action_time": "2017-07-05T11:58:46.510Z",
        "user": [
            "clp@pidge.com"
        ],
        "content_type": [
            "bugs",
            "bug"
        ],
        "object_id": "8",
        "object_repr": "Comments",
        "action_flag": 2,
        "change_message": "[{\"changed\": {\"fields\": [\"status\"]}}]"
    }
},
{
    "model": "admin.logentry",
    "pk": 13,
    "fields": {
        "action_time": "2017-07-05T11:58:53.305Z",
        "user": [
            "clp@pidge.com"
        ],
        "content_type": [
            "bugs",
            "bug"
        ],
        "object_id": "7",
        "object_repr": "Comments",
        "action_flag": 2,
        "change_message": "[{\"changed\": {\"fields\": [\"status\"]}}]"
    }
},
{
    "model": "admin.logentry",
    "pk": 14,
    "fields": {
        "action_time": "2017-07-05T13:54:47.574Z",
        "user": [
            "clp@pidge.com"
        ],
        "content_type": [
            "features",
            "feature"
        ],
        "object_id": "8",
        "object_repr": "",
        "action_flag": 3,
        "change_message": ""
    }
},
{
    "model": "admin.logentry",
    "pk": 15,
    "fields": {
        "action_time": "2017-07-05T13:54:47.611Z",
        "user": [
            "clp@pidge.com"
        ],
        "content_type": [
            "features",
            "feature"
        ],
        "object_id": "7",
        "object_repr": "",
        "action_flag": 3,
        "change_message": ""
    }
},
{
    "model": "admin.logentry",
    "pk": 16,
    "fields": {
        "action_time": "2017-07-05T13:54:47.650Z",
        "user": [
            "clp@pidge.com"
        ],
        "content_type": [
            "features",
            "feature"
        ],
        "object_id": "6",
        "object_repr": "",
        "action_flag": 3,
        "change_message": ""
    }
},
{
    "model": "admin.logentry",
    "pk": 17,
    "fields": {
        "action_time": "2017-07-18T14:52:42.446Z",
        "user": [
            "clp@pidge.com"
        ],
        "content_type": [
            "bugs",
            "bug"
        ],
        "object_id": "11",
        "object_repr": "Charts",
        "action_flag": 1,
        "change_message": "[{\"added\": {}}]"
    }
},
{
    "model": "admin.logentry",
    "pk": 18,
    "fields": {
        "action_time": "2017-07-18T14:53:27.487Z",
        "user": [
            "clp@pidge.com"
        ],
        "content_type": [
            "features",
            "feature"
        ],
        "object_id": "6",
        "object_repr": "Charts",
        "action_flag": 1,
        "change_message": "[{\"added\": {}}]"
    }
},
{
    "model": "admin.logentry",
    "pk": 19,
    "fields": {
        "action_time": "2017-07-25T13:42:49.209Z",
        "user": [
            "clp@pidge.com"
        ],
        "content_type": [
            "flatpages",
            "flatpage"
        ],
        "object_id": "1",
        "object_repr": "/pages/about/ -- About Us!",
        "action_flag": 2,
        "change_message": "[{\"changed\": {\"fields\": [\"content\"]}}]"
    }
},
{
    "model": "admin.logentry",
    "pk": 20,
    "fields": {
        "action_time": "2017-07-25T13:45:28.133Z",
        "user": [
            "clp@pidge.com"
        ],
        "content_type": [
            "flatpages",
            "flatpage"
        ],
        "object_id": "2",
        "object_repr": "/pages/contact/ -- Contact Us!",
        "action_flag": 2,
        "change_message": "[{\"changed\": {\"fields\": [\"content\"]}}]"
    }
},
{
    "model": "admin.logentry",
    "pk": 21,
    "fields": {
        "action_time": "2017-07-25T13:46:51.918Z",
        "user": [
            "clp@pidge.com"
        ],
        "content_type": [
            "flatpages",
            "flatpage"
        ],
        "object_id": "2",
        "object_repr": "/pages/contact/ -- Contact Us!",
        "action_flag": 2,
        "change_message": "[{\"changed\": {\"fields\": [\"content\"]}}]"
    }
}
]
